stem,origin
abandon,abandon
abil,ability
abl,able
abound,"abound,"
about,about
abov,above
abstract,abstractions
accept,accept
access,access
accid,accident
accident,accident
accommod,accommodate
accomplish,accomplish
accord,according
account,account
accur,accurate
achiev,achieve
across,across
act,act
action,action
activ,activate
activist,"activists,"
actor,actor
actual,actual
adapt,adapted
add,add
addit,addition
address,address
addressbook,addressbook
ade,adept
adept,adept
adjust,adjust
admin,admin
administr,administrative
adopt,adopts
advanc,advanced
advantag,advantage
advertis,advertising
advic,advice
advoc,advocate
affect,affect
aforement,aforementioned
after,after
afterward,afterward.
again,again
against,against
agent,agent
ago,ago
agre,agree
ahead,ahead
aid,aid
aim,aiming
aisquar,aisquared...
aka,aka
alert,alert
algorithm,algorithm
alic,alice's
align,align
all,all
alloc,allocate
allow,allow
almost,almost
alon,alone
along,along
alpha,alpha/beta
also,also
alt,"alt"""
alter,altered
altern,alternative
although,although
alway,always
amend,amend
among,among
amount,amount
amp,amphp/socket
amphp,amphp/socket
analog,analogous
analys,analyse
and,and
android,android
ani,animal
anim,animal
annot,annotate
announc,announcement
annoy,annoying
annual,annual
anonym,anonymizing
anoth,another
answer,answer
anticip,anticipated
anti,anti-spam
antivirus,antivirus
anymor,anymore
anyon,anyone
anyth,anything
anyway,anyway.
anywher,"anywhere,"
apach,apache
aparec,aparece
aparecen,aparecen
apart,apart
apolog,apologies
app,app
appear,appear
append,append
appli,application
applic,application
appoint,"appointments,"
appreci,appreciate
approach,approach
appropri,appropriate
approv,approval
arch,arch
architectur,"architectural,"
are,are
area,area
aren't,aren't
arg,"argument,"
argument,"argument,"
around,around
array,array
arrow,arrow
art,article
articl,article
ask,ask
asleep,asleep
aspect,aspect
assist,assist
associ,association
assum,assume
assur,assurance
async,async
asynchron,asynchronous
atm,atm.
attach,attachments
attack,attack
attempt,attempt
attend,attendance.
attent,attention?
attitud,"attitude,"
attribut,attribute
audio,audio
audit,audited
auth,auth.sendCode
authent,authenticated
author,author
autocomplet,autocomplete
autodestroy,autodestroy
autodestruct,autodestruct
autom,automatic
automat,automatic
autonom,autonomous
auto,auto-quote
avail,"avail,"
avatar,avatar
averag,average
avoid,avoid
awar,award
award,award
away,away
awesom,awesome.
bachelor,bachelor
back,back
backend,backend
background,background
backup,backup
backward,backward
bad,bad
badg,badges
baki,baking
balanc,balance
ban,bands
band,bands
bandwidth,bandwidth
banner,banner
bar,bar
base,base64
basic,basic
batch,batches
becaus,because
becom,become
been,been
befor,before
beforehand,beforehand
begin,begin
begun,begun
behav,behaves
behavior,behavior
behaviour,behaviour
behind,behind
belief,belief
believ,believe
below,below
belt,"belt"""
benefici,beneficial
benefit,benefit
besid,besides
bespok,bespoke
best,best
beta,beta
better,better
between,between
beyond,beyond
big,big
biggest,biggest
bill,billing
bin,binary
bind,bindings
bit,bit
bitlbe,bitlbee
black,black/yellow
blank,blank
blind,blind
bloat,bloated
blob,blob
block,blockchain
blockchain,blockchain
blue,"blue,"
boilerpl,boilerplate
book,book
bookkeep,bookkeeping
boolean,boolean
boot,boot
bootload,bootloader.~~
born,born
bot,bot
both,both
bother,bothered
bottl,bottled
bottom,bottom
bounti,bounties
box,box
brain,brain
branch,branch
brand,brand
break,"break,"
brief,briefly
bring,bring
bro,bro
broad,broad
broadcast,broadcast(string
broader,broader
broken,broken
brother,brother
brought,brought
brows,browser
browser,browser
bubbl,bubble-box
budget,"budget,"
buf,"buffed"""
buff,"buffed"""
bug,bug
bugtrack,"bugtracker,"
build,build
builder,builder
built,built
bulk,bulk
burnout,burnout
busi,business
but,but
butler,"butler,"
button,button
buy,buy
byte,bytes.
cach,caching
calcul,calculate
call,call
callback,callback
came,came
campaign,campaign
can,can
candid,candidacy
cannot,cannot
can't,can't
capita,capita
captur,capture
carbon,carbon
care,care
carri,carrier
carrier,carrier
case,case
cast,cast
casual,casual
cat,catch
catch,catch
categori,categories.
caught,caught
caus,cause
cell,"cells,"
center,center
central,central
certain,certain
certif,certificate
challeng,challenge
champion,"champion,"
chanc,chance
chang,change
channel,channel
charact,character:
characterist,characteristics
charg,charge.
charlar,charlar
chat,chat
chatbot,chatbot.
cheaper,cheaper?
check,check
checkbox,checkboxes
checklist,checklist:
choic,choice
choos,choose
chose,chose
chosen,chosen
christma,christmas
chrome,chrome
chronic,chronic
chunk,chunky
cierra,cierra
circl,circle
cite,cited
claim,claimed
clarif,"clarification,"
clarifi,"clarification,"
class,class
clean,clean
clear,clear
clearer,clearer
cli,click
click,click
client,client
clinic,clinical
clinician,clinician-patient
close,close
cloud,"cloud"""
clutter,cluttered
cmp,cmp
code,code
codebas,codebase
cognit,cognitive
coher,coherent
cold,cold
collabor,collaboration
collect,collect
collid,collides
colloqui,colloquially
color,color
colour,colour
com,combination
combin,combination
come,come
comfort,comfortably.
comienza,comienza
command,command
comment,comment
common,common
communic,communicate
communicationg,communicationg
communiti,communities
compar,compared
compat,compat
compet,compete
competit,competition?
compil,compilada
compilada,compilada
complaint,complaints
complet,complete
complex,complexity
compli,complicated
complic,complicated
compon,component
compos,composing
compound,compounded
compress,compressed.
compromis,compromised
comput,computability
con,con
concentr,concentrate
concept,concept
concern,concern
concious,concious
concret,concrete
config,config
configur,configurability.
confirm,confirm
conflict,conflicting
conform,conform
confus,confused
conmigo,conmigo
connect,connected
consensus,consensus
consid,consider
consider,consider
consist,consistantly
consol,console
constant,constant
constraint,constraints.
construct,construct
constructor,constructors
consum,consumes
contact,contact
contain,contain
contempl,"contemplations,"
content,content
context,context
contin,continously.
continu,continue
contract,contract
contrast,contrast
contribut,contributed
contributor,contributor
control,control
conveni,convenience
convers,conversation
convert,convert
convey,convey
convinc,convinced
cool,cool
coordin,coordination
copi,copies
core,core
corner,corner
correct,correct
correspond,corresponding
cost,cost
could,could
couldn't,couldn't
council,council
councillor,councillor
count,count
countri,countries
coupl,couple
cours,course
coutri,coutries
cover,cover
cra,cra
crash,crashes.
crate,crate
creat,create
creation,creation
creator,creator
credenti,credentials
cross,cross-functional
crypto,crypto
cryptocurr,cryptocurrency
cryptograph,cryptographic
csp,csproj.
csproj,csproj.
ctrl,ctrl-click
cuando,cuando
cuanto,cuanto
cube,cube
cumbersom,cumbersome
currenc,currencies
current,current
cursor,cursor's
custom,custom
customis,customised
customiz,customizable
cut,cut
cycl,cycles
daili,dailies
dam,damage
damag,damage
dark,dark
data,data
databas,database
datacent,datacenter
dataset,dataset
datavers,dataverse
date,date
day,day
deadlin,deadline
deal,deal
debug,debug
decay,decay
decentr,decentralized
decid,decide
decis,decision
declar,declaration
decre,decrees
decrypt,decrypt
dedic,dedicate
deep,deep
default,default
defer,deferred
defin,"define,"
definit,definitely
deg,degree
degre,degree
deleg,delegate
delet,delete
deliv,deliverable
deliver,deliverable
delv,delve
demand,demands
demo,demo
democrat,democratically
demonstr,demonstrate
depend,depend
depth,depth
deriv,derivation
desconecto,"desconecto,"
describ,describe
descript,description
desd,desde
deserv,deserve
design,design
desir,desire
desktop,desktop
despit,despite
destroy,destroy
detail,detail
detect,detectable.
determin,determine
dev,develop
devel,develop
develop,develop
devic,device
devroom,devroom
devtool,devtools
diagnosi,diagnosis
dial,dial
dialog,dialog
dialogu,dialogue
did,did
didn't,didn't
differ,difference
differenti,differential
difficult,difficult
digit,digital
dilut,diluting
ding,ding
dir,direct
direct,direct
disabl,disable
disappoint,disappointed
discard,discards
disciplin,disciplinary
disconnect,disconnected
discov,discovered
discuss,discuss
diseas,disease
disk,disk
dispatch,dispatchOnDisconnect
display,display
disregard,disregarded.
dissatisfact,dissatisfaction.
distinct,distinct
distinguish,distinguish
distract,"distracting."""
distribut,distributed
disturb,disturbed
div,div.
doc,dock
dock,dock
docker,dockercommunity.slack.com
dockercommun,dockercommunity.slack.com
doctest,doctest
document,document
doe,does
doesn't,doesn't
doitux,doitux
dom,domain
domain,domain
donat,donations
done,done
don't,don't
dot,dotransaction)
dotransact,dotransaction)
doubl,doubles
down,down
download,download
downright,downright
downsid,downside
dpi,dpi.
draft,draft.
drag'n'drop,"drag'n'drop,"
drain,drain
drink,drinks.
driven,driven
drop,drop
due,due
duplic,duplicate
durat,duration
dynam,dynamically
each,each
eager,eager
earli,earlier
earlier,earlier
earliest,earliest
eas,ease
easi,easier
easier,easier
echo,echo
ecobe,"ecobee,"
ecosystem,ecosystem
ecryptf,ecryptfs
edg,edge
edit,edit
editor,editor
edu,edu.harvard.iq.dataverse.engine.command.exception.CommandException:
educ,educated
eff,effect
effect,effect
effici,"efficiency,"
effort,effort
eight,eight
either,either
elasticsearch,elasticsearch
elect,elected
electron,electron
element,element
elimin,eliminating
ello,"ellos,"
els,else
email,email
emb,embed
embed,embed
emerg,emerge.
emoji,"emoji,"
emphas,emphasizes
employ,employee
employe,employee
empow,empowered
enabl,enable
encf,"encfs,"
encod,encoded
encount,encounter
encourag,encourages
encrypt,encrypt
end,end
endang,endanger
endpoint,endpoints
engag,engagement
engin,engine
enhanc,enhanced
enjoy,enjoy
enlarg,enlarge)
enough,enough
enric,"enric,"
ensur,ensure
enter,enter
enterpris,enterprise
entir,entire
entonc,entonces
entri,entries
enum,enum
enumer,enumerate
environ,environment
envis,envisioned
ephemer,ephemeral
epic,epic
equat,"equations,"
err,error
error,error
escriban,escriban.
escribiendo,escribiendo...
escribir,escribir
especi,especially
essenc,essence
essenti,essentially
est,está
establish,establish
estoy,estoy
etc,etc
eva,evaluated.
evalu,evaluated.
even,even
event,event
ever,ever
everyon,everyone
everyth,everything
evolv,evolves
exact,exact
exampl,example
exceed,exceedingly
excel,excellence
except,except
exchang,exchange
exclus,exclusive
execut,executable
exist,exist
exit,exit
expand,expand
expans,expansion
expect,expect
expens,expense
experi,experience
experienc,experience
expert,expert
explain,explain
explan,explanation
explicit,explicit
exploit,exploit
explor,exploring
export,export
expos,exposed
exposit,exposition
express,expressed
extend,extended
extens,extension
extent,extent.
extern,external
extra,extra
extract,extract
extrus,extrusion
eyesight,eyesight
fab,fabricated
fabric,fabricated
face,face
fact,fact
factor,factor
fail,fail
failur,failures
fair,fairly
faith,faith
fall,fallback
fallback,fallback
famili,familiar
familiar,familiar
famous,famous
fan,fan
fantast,fantastic
far,far
fast,fast
faster,faster?
fatter,fatter
favour,favour
fear,fear
feasabl,feasable
featur,feature
fee,fee
feed,feed
feedback,feedback
feel,feel
few,few
field,field
figur,figure
file,file
filesystem,"filesystem,"
fill,fill
final,final
find,find
fine,fine
finger,finger.
finish,finished
first,first
fit,fit
five,five
fix,fix
flag,flag
flash,flashes
flesh,fleshed
flexibl,flexible
flow,flow
flush,flush
focus,focus
folder,folder
follow,follow
font,font
food,"food,"
footer,footer
for,for
forc,force
foreach,foreach
forefront,forefront
foreign,foreign
foremost,"foremost,"
forest,forest
forg,forge][doc-guide])
forget,forget
forgot,forgot
fork,fork
form,form
forma,forma
format,format
forum,forum
forward,forward
found,found
frame,frame
frameset,frameset
framework,framework
free,free
frequent,frequent
friend,friend
from,from
front,frontend
frontend,frontend
fruit,fruit
frustrat,frustrating.
fuck,fuck
full,full
fullscreen,fullscreen).
funcat,funcationality
function,function
further,further
futur,future
gain,gain
gamut,gamut
gas,gas
gateway,gateway
gay,gay
gcode,gcode
geek,"geeks""."
gen,"gen),"
general,general
generat,generate
generic,generic
gent,gente
get,get
gif,gifs!
girlfriend,girlfriend
gist,gist](https://gist.github.com/bethesque/5a35a3c1cb9fdab6dce7).
github,github.
gitter,gitter
give,give
given,given
glanc,glance
glass,glass
glimps,glimpse
global,global
gmail,gmail.
goal,goal
goe,goes
gone,gone
good,good
googl,google
got,got
gov,government
govern,government
grant,granted
graph,graph
graphic,graphic
gray,gray
great,great
green,green
grep,grep
grey,grey
grid,grid
groceri,groceries
group,group
groupchat,groupchat
grow,grow
growth,growth
guarante,guaranteed
gui,guide.
guid,guide.
guidelin,guidelines
guild,guild
guy,guys
habit,habitica
habitica,habitica
hace,hace
hack,hack
had,had
half,half
hand,handle
handl,handle
handler,handler
handshak,handshake
happen,happen
hard,hard
harder,harder
hardwar,hardware
harm,harm
has,has
hash,hash
hasn't,hasn't
hate,hate
have,have
haven't,haven't
head,head
header,header
health,health
hear,hearing
heat,heat
heavi,heavily
height,height
hello,"hello,"
help,help
helper,"helper"""
henc,hence
her,her
here,here
hidden,hidden
hide,hide
high,high
higher,higher
highlight,highlight
him,him
hint,hint
his,his
hog,hog.
hold,hold
holiday,holiday
home,homebrewed
homebrew,homebrewed
homescreen,homescreen
hood,"hood,"
hook,hooking
hope,hope
horribl,horrible
hospit,hospitable
host,host
hostnam,hostname
hour,hour
hous,house
how,how
howev,however
html,html
http,http
https,https://192.168.4.72/plugin_assets/redmine_telegram_common/webogram/js/app.js
huge,huge
human,human
hundr,hundreds
hurt,hurt
hypothet,hypothetical
icon,icon
ide,idea
idea,idea
ideal,ideal
ident,identified
identifi,identified
ideolog,ideological
idk,"idk,"
idl,idle
ifram,iframe
ignor,ignored
ill,illnesses.
imag,image
imagin,imagine
immedi,immediate
immut,immutable
impact,impact
impair,impaired
imper,imperative
imperson,impersonate
impl,implement
implement,implement
impli,implications
implic,implications
implicit,implicitly
import,importance
impos,imposible
imposs,impossible
improv,improve
inadequ,inadequate
inbox,"inbox,"
inc,incentive
incent,incentive
includ,include
inclus,inclusion
incom,incoming
incomplet,incomplete
inconsist,inconsistent
incorpor,incorporate
incorrect,incorrect
increas,increase
incred,incredibly
incur,incur
independ,independent
index,index.html:13
indic,indicate
individu,individual
inexplicit,"inexplicit,"
infil,"infill,"
influenc,influenced
info,info
inform,inform
inicio,inicio
initi,initial
input,input
insecur,insecure
insert,insert
insid,inside
inspir,inspiration
instal,install
instanc,instance
instant,instant
instead,instead
institut,institutional
instruct,instructions
int,int
intak,intake
integr,integral
intend,intend
intent,intent
intenta,intenta
interact,interact
intercept,intercepted
interchang,interchanged
interest,interest
interf,interface
interfac,interface
interfer,interfere
intergr,intergration
interleav,interleave
intermedi,intermediate
intern,internal
internet,internet
interoper,interoperability
interrel,interrelated
interrupt,interrupt
into,into
introduc,introduce
invest,"investment,"
invit,invitation
involv,involve
iphon,"iphone,"
irc,irc
isn't,isn't
isol,"isolate,"
issu,issue
ital,italic;
item,item
iter,iteration
it'll,it'll
itself,itself
jabber,jabber.de
jabbercat,"jabbercat@conference.zombofant.net"""
jail,jail
java,javascript
javascript,javascript
job,job
join,join
joke,joke;
jona,jonas@wielicki.name
journalist,journalist
jump,jumps
jun,junior
junior,junior
just,just
kee,keep
keep,keep
keepass,keepassxc-proxy
keepassxc,keepassxc-proxy
kernel,kernel_](https://jupyter.readthedocs.io/en/latest/projects/kernels.html)
key,key
keyboard,keyboard
keypair,keypair
keyserv,"keyserver,"
kick,kicking
kill,kill
killer,killer
kind,kind
knee,knees.
know,know
known,known
kopi,kopie](https://f.cloud.github.com/assets/6848629/2428435/0c95c7bc-ac48-11e3-9b1e-2121ae85c152.png)
lab,lab
lac,lack
lack,lack
land,landing
landscap,landscape
lang,language
languag,language
laptop,laptop
larg,large
larger,larger
last,last
late,late
later,later
latest,latest
latex,"latex,"
launch,launched
law,laws.
layout,layout
lead,lead
leadership,leadership
leak,leak
leap,leaped
least,least
leav,leave
left,left
legal,legal
less,less
let,let
level,level
leverag,leverages
lew,lew-res
liabil,liabilities
lib,lib
libpurpl,libpurple
librari,libraries
libsodium,libsodium
licensur,licensure
lie,lies
life,life
light,light
lightweight,lightweight
like,like
limit,limit
line,line
linear,linear
link,link
liquid,liquidity
list,list
listen,listen()
lite,literally
liter,literally
littl,little/no
live,live
load,load
local,local
locat,location
lock,lock
locker,locker.
lodotor,lodotore
log,log
logic,logic
login,login
logo,"logo,"
long,long
longer,longer
longstand,"longstanding,"
longterm,longterm
look,look
los,los
lose,lose
lost,lost
lot,lot
love,love
low,low
lower,lower
luck,luck
mac,macOS
made,made
magic,magically
mail,mail
main,main
maintain,maintain
mainten,maintenance
major,major
make,make
malform,malformed
malic,malicious
malici,malicious
manag,manage
mani,manipulated
manipul,manipulated
manner,manner.
manual,manually
map,map
mark,markdown
markdown,markdown
market,market
marketplac,marketplace
master,master
match,matching
mathemat,mathematical
matter,matter
maxim,maximize
maximum,maximum
may,may
mayb,maybe
mean,mean
meaning,meaningful
meant,meant
measur,measures
medic,medical
medicin,medicine.
medium,medium
meet,meeting
megathread,megathread
member,member
memo,memo
memor,memorize
memori,memorize
mensaj,mensajes
mention,mention
menu,menu
menus,menus
mere,merely
merg,merged
mesag,mesage
mess,message
messag,message
messeng,messenger
met,met.
metadata,metadata
metaphor,metaphor
method,method
metric,metrics
mientra,mientras
might,might
migrat,migrate
millisecond,milliseconds
min,minimal
mini,minimal
minim,minimal
minimum,minimum
minor,minor
minut,minutes
miss,missed
mis,mis-tap
misunderstand,misunderstanding.
misunderstood,misunderstood
mithril,mithril
mitig,mitigations
mix,mixing
mobi,mobile
mobil,mobile
mockup,mockup
mod,modal
modal,modal
mode,mode
model,model
moder,moderately
modern,modern
modifi,modified
modul,modular
modular,modular
moir,moire
mom,"moment,"
moment,"moment,"
monet,monetize
money,money
monitor,monitor
month,months
more,more
most,most
motiv,motivation
mount,"mounts."""
move,move
muc,muc
much,much
multi,multi-device
multipl,multiple
music,music
must,must
mutat,mutation
myriad,myriad
myself,myself
naiv,naive
name,name
narrat,narrative
nativ,native
nativefi,nativefier
navig,navigation
near,near
need,need
neither,neither
nest,nested
net,net::ERR_INVALID_HTTP_RESPONSE
network,network
neugrek,neugrek**
never,never
new,new
newcom,newcomer.
next,next
nice,nice
nicknam,"nickname,"
node,node
nois,noise.
non,non
nor,nor
normal,normal
not,not
notat,notation
note,note
notebook,notebook
noth,nothing.
notic,notice
notif,notification
notion,notion
now,now
null,null
number,number
nurs,"nurse,"
object,object
observ,observations
obtain,obtain
obvious,obvious
occur,occur
off,off
offer,offerings
offic,"office,"
offici,official
offlin,offline
often,often
old,old
older,older
onc,once
oncommand,"oncommand=""privlyExtension.keyboardCommand()""/>"
one,one
ongo,ongoing
onli,online
onlin,online
opaqu,opaque
open,open
oper,operate
opinion,opinion
oppinion,oppinion
opportun,opportunity
oppos,opposed
opt,optimal
optim,optimal
option,option
orang,orange
order,order
org,org
organ,organisation.
organis,organisation.
orient,orientation.
origin,origin
other,other
otherwis,otherwise
our,our
out,out
outdat,"outdated,"
outsid,outside
over,over
overal,overall
overcom,overcome.
overlaid,overlaid
overlay,overlay
overload,overload
overlook,overlook
own,own
ownership,ownership
pace,pace
pack,packaged
packag,packaged
packet,packet
page,page
paid,paid
paint,paint.
pair,pair
panel,panel
paper,paper
paperlan,paperlane
parallel,parallel
param,parameterized
parameter,parameterized
paranoid,paranoid
paraphras,"paraphrase,"
parcimoni,parcimonie
pars,parsed
parser,parser
part,part
parti,partial
partial,partial
particip,participants
particular,particular
pass,pass
passifox,passifox/chromeipass
passion,passion
passiv,passively
passphras,passphrase
password,password
past,past
patch,patcher
patcher,patcher
path,path
patient,patient
pattern,patterns
pay,pay
payload,payload=E_A^{pub})
payment,payment
peer,peer
peopl,people
per,per
percentag,percentage
perfect,perfectly.
perform,perform
perhap,"perhaps,"
period,period
permiss,permissions
permit,permit
pero,pero
perpetua,perpetua.
person,person
perspect,perspective
pet,pets
phase,phase
phone,phone
phonebook,phonebook
photo,photo
phrase,phrase
physician,physician
pick,pick
pictur,"picture"""
pidgin,pidgin
piec,piece
pilot,pilot
pipe,pipes
pitch,"pitches,"
place,place
placehold,placeholder.
plain,plain
plaintext,plaintext
plan,plan
plane,plane
planet,planet.
platform,platform
plattform,plattforms
play,"play"""
player,player
pleas,please
plug,plugin
plugin,plugin
point,point
poker,poker
polici,policies.
poll,polling
poor,poor
popul,popular
popular,popular
popup,popup
pop,pop-up
port,"port,"
portal,portal
portion,portion
posit,position
possess,possesses
possibl,possible
post,post
potenti,potential
power,power
practic,practice
pragmat,pragmatism).
pre,precise
precis,precise
predat,predating
predict,"predictable,"
prefer,prefer
prefix,prefixed
preinstal,preinstalled
prepar,prepare
prepars,preparser;
presenc,presence
present,present
preset,presets
press,press
presum,presumed
pretend,pretend
prevent,prevent
preview,preview
previous,previous
price,price
pride,prides
primari,primarily
principl,principle
print,print
printer,printers
prior,prior
priorit,priorities
prioriti,priorities
priv,"privacy,"
privat,private
probabl,probably
probando,probando
problem,problem
problemat,problematic
procedur,procedure
proceed,proceeds.
process,process
processor,processor
produc,produce
product,product
profession,professional
profil,profiles
profit,profit
profound,profoundly
prognosi,prognosis)
program,program
progress,progress
project,project
prolifer,proliferation
promin,prominent
promis,promise
promot,promote
prompt,prompted
prone,prone
proof,proof
proper,properly
properti,properties
propos,proposal
protect,protect
protest,protester
protocol,protocol
prove,prove
proven,"proven,"
provid,provide
provis,provisioning
pub,public
public,public
publish,published
pueden,pueden
pull,pull
purchas,purchase
pure,purely
purpl,purple:
purpos,purpose
push,push
put,put
quad,quad-core
quarter,quarterly
que,que
queda,queda
quest,question
question,question
questionnair,questionnaires
queue,queue.
quick,quick
quit,quit
quot,"quoting,"
rand,randomly
random,randomly
rank,ranked
rapid,rapid
rather,rather
raw,raw
reach,reach
react,react
read,read
readabl,readable
readalout,readalout
reader,"reader,"
readi,readily
readm,readme
readon,readonly
real,real
realis,realised
realiz,realize
reason,reason
recal,"recall,"
receiv,receive
recent,recent
reciev,recieves
recipi,recipient
reclaim,reclaim
recogn,recognizable.
recogniz,recognizable.
recoil,recoil
recommend,recommend
reconnect,reconnect
reconsid,reconsider.
record,record
recov,recover
red,red
redesign,redesign
redi,redirect
redirect,redirect
redphon,"redphone,"
reduc,reduce
reduct,reduction
redund,redundancy
refer,refer
referenc,reference
referr,referrals
refil,"refills,"
reflect,reflect
refram,reframe
refresh,refresh
regad,regading
regard,regarding
regardless,regardless?
regex,regex
regim,regime
regist,register
registr,registration
regular,regular
reifi,reified
reimplement,reimplements
reinicia,reinicia.
reinstal,reinstall
reiter,reiterate
reject,reject
relat,relate
relationship,relationship
relay,relay
releas,release
relev,relevant
reli,reliability.
reliabl,reliable
reload,reload
remain,remain
remark,remarks:**
rememb,remember
remind,reminders
remot,remote
remov,remove
renew,renew
repeat,repeat
replac,replace
repli,replies
repo,report
report,report
repres,represent
represent,represent
reproduc,reproduce
req,req_DH_params
request,request
requir,require
res,research
research,research
resembl,resemble
resid,resident
resolv,resolve
resourc,resource
resp,resp.
respect,respectfully
respons,response
rest,rest
result,result
retain,retain
retriev,retrieval.
return,return
revert,revert
review,review
revoc,revocation
revok,"revoked,"
reward,rewards
rewrit,rewrite
ricochet,ricochet/invisible.im.
rid,rid
right,right
risk,risk
roam,roaming
robust,"robustness,"
rocket,rocket
rogu,rogue
role,roles
roll,roll
room,room
roster,roster
rotat,rotated
rough,rough
round,rounded
rout,routes
routin,"routines,"
row,"row!"""
run,run
sad,sadly).
safe,safe
safer,safer
said,said](https://news.ycombinator.com/item?id=11780060)
same,same
sampl,samples
sandstorm,"sandstorm,"
sane,sane
satisfact,"satisfaction),"
save,save
say,say
scale,scale.
scan,scan
scatter,scattered
schedul,schedule](https://github.com/kee-org/browser-addon/milestones)
schema,schema
scheme,"scheme,"
scienc,science
scissor,scissors.
scope,scope
screen,screen
screenshot,screenshot
script,script
scroll,scroll
seamless,seamlessly
search,search
season,season
second,second
secret,secret
section,section).
secur,secure
see,see
seed,seed
seek,seeking
seem,seem
seen,seen
select,select
selfdistruct,selfdistruct
semant,semantic
send,send
sender,sender
sens,sense
sensibl,sensibly
sensit,sensitive
sensor,sensors
sent,sent
sentenc,sentence
sep,separate
separ,separate
seper,seperate
sequenc,sequence
seri,series
serious,serious
serv,serve
server,server
serverless,serverless
servic,service
sesi,"sesión,"
session,session
set,set
setup,setup
seven,seven
sever,several
shadow,shadows
shape,shape
share,share
she,she
shebang,shebang
shine,shine
ship,ship
short,short
shortcut,shortcut
shorter,shorter
shot,shot
should,should
shouldn't,shouldn't
show,show
showcas,showcase
shown,shown
side,side
sidebar,sidebar
sight,"sight,"
sign,sign
signal,signal
signatur,signatures
signific,significant
signup,signup
similar,similar
simpl,simple
simpler,simpler
simpli,simplify
sinc,since
singl,single
sit,site
site,site
situat,situation
six,six
size,size
skill,skills
skip,skipping
skype,skypephonemanager?
skypephon,skypephonemanager?
skypephonemanag,skypephonemanager?
slack,slack
slave,slave
sleep,sleep
slide,slide
slider,slider
slight,slightly
slogan,"slogan/tagline,"
small,small
smaller,smaller
smartapp,smartapps
smartphon,smartphone
smooth,smooth
sms,sms
sniff,sniff
snippet,snippet
social,social
societi,societies.
socket,socket
softwar,software
solut,solution
solv,solvable
solvabl,solvable
some,some
somehow,somehow
someon,someone
someth,something
sometim,sometimes
somewhat,somewhat
soon,soon
sooner,sooner
sort,sort
sound,sound
sourc,source
space,space
spam,spamming
speak,speak
speaker,speakers'
spec,spec
special,special
specif,specific
specifi,specific
spell,spell
spend,spend
spent,spent
spin,spin
splash,splash
split,split
spread,spread
spring,spring
sql,sqlite3
sqlite,sqlite3
squar,squared
src,src:
stabil,stabilized
stabl,stable
stack,stack
staf,"staffing,"
stage,stage
standalon,standalone
standard,standard
standup,"standup,"
start,start
startup,startups
state,state
statement,"statements"""
static,static
status,status
stay,stay
stem,stemming
step,step
sticker,sticker
still,still
stock,stock
stolen,stolen
stop,stop
storag,storage
store,store
stori,storing
straight,straight
straightforward,straightforward
strategi,strategies
strength,strengthen
strengthen,strengthen
string,string
strip,strips
strong,strongly
structur,structure
studi,studies
stuff,stuff
stumbl,stumbled
style,style
subissu,subissue
subject,subject
submiss,submission
submit,submit
suboptim,suboptimal
sub,sub-optimal
subreddit,"subreddit,"
subsequ,subsequent
subset,subset
subtl,subtle.
succeed,succeeded/failed
success,success
succinct,succinct
such,such
suck,suck
sucki,suckiness
suffer,suffer
suggest,suggest
suicid,suicide
suit,suit
suitabl,suitable
sum,sum
sup,super
super,super
superclass,superclasses
superset,superset
support,support
suppos,supposed
sure,sure
surfac,"surface,"
surpris,surprised
surveil,"surveillance,"
suspect,suspect
sustain,sustainability
switch,switch
symbol,symbol
symptom,symptoms
sync,sync
synchron,synchronous
syncth,syncthing
synthesi,synthesis
system,system
tab,tab
tabl,table).
tablet,tablet.
tactic,tactics
tag,tag
take,take
taken,taken
talk,talk
tambi,también
tap,tap
tar,target
target,target
task,task
taught,taught
tax,tax
teach,teach
team,team
tech,tech
techi,techies
technic,technical
techniqu,techniques
techno,techno-activism
technolog,technologies
teclear,teclear...choff!!
telecommun,telecommunication
telegram,telegram
telehealth,telehealth
telephon,telephone
tell,tell
temp,temp
temperatur,temperature
templat,template
tempt,"tempting,"
ten,ten
term,term
terribl,terrible
test,test
text,text
textarea,textarea
textfield,textfield.
textsecur,textsecure
than,than
thank,thank
that,that
that'd,that'd
that'll,that'll
the,the
their,their
them,them
theme,theme**:
themselv,themselves
then,then
there,there
therefor,therefore
thermostat,thermostat.
these,these
they,they
they'll,they'll
they'r,they're
they'v,they've
thing,thing
think,think
third,third-party
this,this
those,those
though,though
thought,thought
thousand,thousands
thrash,thrash
thread,thread
threat,threat
three,three
through,through
throughout,throughout
throw,throw
thus,thus
tick,tick
ticket,ticket
tight,tightly
time,time
timelin,timelines
timeout,timeout
timer,timers
timestamp,timestamp.
tinfoilhat,tinfoilhat™
tip,tips
titl,title
today,today
togeth,together
toggl,toggled
token,token
told,told
tone,toned
tonight,"tonight,"
too,too
took,took
tool,tool
toolbar,toolbar
top,top
topic,topic
tor,torrent
torrent,torrent
total,totally
touch,touch
toward,toward
trac,track
track,track
tracker,tracker
traffic,traffic
train,training
trait,trait
transfer,transfer
transferr,"transferrable,"
translat,translation
transpar,transparency
transport,transport
travers,traverse
tray,tray
treat,treated
treatment,treatment
tree,tree
trend,trend
tri,triage
triag,triage
trick,tricks
trigger,trigger
trim,trim($chunk)
trip,"trip,"
trivial,trivial
troubl,trouble
trust,trust
tts,tts
tunnel,tunneling
turn,turn
tweak,tweaked
twitter,twitter
two,two
type,type
typeabl,typeable
typecheck,typecheck
typescript,typescript
typic,typical
unabl,unable
unambigu,unambiguous.
uncertain,uncertain
uncontroversi,uncontroversial
undemocrat,undemocratic
under,under
underneath,underneath
underspecifi,underspecified
understand,understand
understood,understood
undo,undo
unencrypt,unencrypted
unexpect,unexpected
unfinish,unfinished
uni,uni-coloured
unifi,unifies
uninstal,uninstall
uniqu,unique
unit,unit
unknown,unknown
unless,unless
unlik,unlikely
unlock,unlocked
uno,unos
unpopular,unpopular
unpreced,unprecedented
unread,unread
unset,unset($this->clients[$remoteAddr]);
unstructur,unstructured
until,until
untrust,untrusted
unus,unusable
unusu,unusual
unverifi,unverified/automatic
unwis,"unwise,"
updat,update
upload,uploading
upon,upon
upper,upper
urgent,"urgent"""
url,url
usabl,usable
usag,usage
use,use
usecas,usecase
useless,useless
user,user
usernam,username
usual,usual
usuer,usuer's
util,utility
vacat,vacation
vagu,vaguely
val,valid
valid,valid
valu,valuable.
valuabl,valuable.
var,varies
vari,varies
various,various
vector,vector
verbiag,verbiage
veri,verification
verif,verification
verifi,verification
vers,verse
versi,version
version,version
versus,versus
vex,vexing
via,via
viabil,viability)
viabl,viable
video,video
view,view
viewer,viewer.
viewpoint,viewpoint
visibl,visible
vision,vision
visit,visit
visual,visual
vital,vital
voic,voice
void,void
vote,vote.
vulner,vulnerabilities
wait,waiting
wake,wake
walk,walk
wall,wall
wallet,wallet:
want,want
warn,warning
was,was
wasn't,wasn't
wast,wasting
wave,wave
way,way
weak,weakness
web,web
websit,website
websocket,websockets
we'd,we'd
week,week
weight,weight
welcom,welcome.
well,well
we'll,we'll
were,were
we'r,we're
weren't,weren't
we'v,we've
what,what
whatev,whatever
whatsapp,whatsapp
when,when
whenev,whenever
where,where
wherev,wherever
whether,whether
whi,which
which,which
whiel,whiel
while,while
whistleblow,"whistleblowers,"
white,white
who,who
whoami,whoami:
whole,whole
whose,whose
wide,wide
wider,wider/narrower
widescreen,widescreen
width,width
wifi,wifi
wiki,wiki
wikipedia,wikipedia
wild,wild
will,will
win,win?
window,window
wire,wire
wish,wish
with,with
within,within
without,without
wizard,"wizard,"
wonder,wonder
won't,won't
word,word
work,work
worker,worker
workflow,workflow
workload,workload
world,world
worm,worms
wors,worse
worst,worst.
worthless,worthless)
worthwhil,worthwhile
would,would
wouldn't,wouldn't
wrap,wrapped
wrapper,wrappers
write,write
written,written
wrote,wrote
www,www
y'all,y'all
year,year
yellow,yellow
yes,yes
yesterday,yesterday
yet,yet
yield,yield
you,you
you'd,you'd
you'll,you'll
your,your
you'r,you're
yourself,yourself
you'v,you've
zoomtext,zoomtext
fals,FALSE
TRUE,TRUE
aab,
aac,
abe,
accel,
acd,
ace,
acemod,
ack,
activeel,
adamv,
addon,
adium,
aea,
aee,
afaik,
afba,
agaj,
agm,
ake,
alreadi,
ama,
amber,
american,
anaron,
anna,
annfam,
anybodi,
aol,
api,
apk,
appendchild,
appendcom,
appendhtml,
appendtext,
appendtre,
appliedchang,
applychang,
april,
arbitrari,
archiv,
arnowelzel,
articletoken,
asia,
askbot,
asparagui,
assess,
asset,
aswg,
asynccal,
attributenam,
authenticationcallback,
autoload,
backspac,
bake,
ball,
barcelona,
batteri,
bbbb,
bce,
bear,
beec,
bethesqu,
bfa,
bfbca,
bfd,
bibl,
binari,
bittorr,
ble,
blog,
bluetooth,
bob,
bodi,
bori,
bound,
bountysourc,
braun,
briefli,
bright,
bryan,
buddi,
budislavtvp,
callbackarg,
cameron,
cancellationsign,
candidaci,
capabl,
cartoonish,
cca,
cdb,
cds,
celsius,
changelist,
chapter,
chatilion,
chatrevok,
cheer,
choff,
choosingwis,
chrmoritz,
chromeipass,
chunki,
cimbali,
cinnamon,
circleci,
clariti,
classlist,
clef,
clientaddr,
clientopt,
clienttyp,
clj,
clonenod,
closeel,
coldboot,
colorset,
commandexcept,
compani,
conclus,
confer,
contextframetyp,
cooper,
coy,
coyim,
cpu,
createcom,
createel,
createsavedsearchcommand,
createtext,
criteria,
critic,
crowdmap,
crowdmapid,
cryptocat,
cryptographyengin,
cryptoobject,
cryptoparti,
cse,
cti,
cutegram,
cvn,
daa,
dac,
dae,
damn,
dapp,
dash,
david,
davidgf,
daviewal,
dbc,
dbcde,
dbe,
dce,
ddr,
ddx,
dear,
debian,
decreas,
deni,
deploy,
deviantart,
devth,
devurandom,
dfrws,
dhprime,
dht,
dictionari,
dinner,
directori,
disciplinari,
disconnectlisten,
discord,
discoveri,
dispatchondisconnect,
dispatchtolisten,
displaymessag,
djangopackag,
domchangelist,
domtreeconstruct,
droid,
drupal,
dure,
eab,
easili,
ecdh,
econnreset,
eedf,
ehr,
elabor,
embedd,
empti,
enemi,
energi,
eol,
errorsavedsearch,
ether,
ethereum,
eventbrit,
eventimpl,
everi,
everybodi,
evid,
evil,
exept,
exitstatus,
expedit,
explanatori,
facebook,
facilit,
fahrenheit,
faq,
fare,
fashion,
fau,
fba,
fbac,
fbe,
fcayr,
fda,
fdab,
fetch,
ffbe,
ffe,
filepool,
fingerprint,
fingerprintmanag,
firefox,
firmwar,
firstchild,
firstnod,
fosdem,
foss,
foundat,
fps,
frametyp,
freeli,
freewar,
fulanito,
fulli,
fundament,
funni,
funtek,
gajim,
galaxi,
galleri,
gap,
gced,
gcm,
german,
getaddress,
getal,
getattribut,
getelementbyid,
getnod,
getremoteaddress,
gettoken,
githubusercont,
gnome,
gpg,
grade,
gsma,
habitrpg,
hackathon,
handi,
handlecli,
hang,
hangout,
harvard,
hasfocus,
headquart,
healthi,
heartfyr,
heavili,
histori,
hmrc,
hong,
horizont,
hubot,
hunt,
hyerti,
hyperti,
i'd,
i'll,
i'm,
i'v,
icq,
idp,
iii,
imageshack,
imessag,
img,
imho,
imkit,
imo,
inaccur,
includeuncontrol,
incompat,
indexeddb,
infersci,
insertbefor,
inserthtmlbefor,
inserttreebefor,
insuffici,
intellisens,
intl,
introduct,
invalid,
inventori,
invis,
ipo,
iranian,
isp,
issuecom,
istat,
it'd,
jacknagel,
jake,
jame,
jan,
jane,
jay,
jdemey,
jenshnielsen,
jpeg,
jpg,
json,
jsxxcgpw,
jupyt,
keefox,
keepasshttp,
keepassrpc,
keyboardcommand,
keychain,
keyset,
keysign,
keystor,
kong,
lastchild,
lastnod,
led,
ledgerwallet,
legaci,
lengthi,
lexenco,
libresign,
libxml,
lindworm,
ling,
linux,
linuxbrew,
lmms,
lobbi,
loop,
lts,
luke,
lumin,
machinekit,
maco,
magnifi,
mainkeyset,
mallori,
manphiz,
marcinofulus,
materi,
mattermost,
maulwuff,
maven,
mcginti,
meanwhil,
melissa,
mentor,
metathesaurus,
mhealth,
mileston,
minigroup,
misago,
miscellan,
mistydemeo,
mitm,
mmmavi,
mockuppanel,
mole,
mongodb,
monreal,
motorola,
mozilla,
mozillafound,
msg,
msystem,
multipag,
muslim,
mxcl,
nachrichten,
nakedsecur,
narrow,
natur,
ncbi,
necessari,
newli,
news,
nextsibl,
nexus,
niel,
nielsv,
nielsvdiermen,
night,
nih,
nlm,
nlp,
nodemocracyher,
nodetoken,
noiseprotocol,
nomitpi,
noschinl,
novemb,
nsw,
nthieri,
nuget,
numer,
ocp,
octob,
odk,
oneplus,
opendreamkit,
openel,
openkeychain,
oplog,
orfht,
originalerror,
osx,
otr,
outsourc,
overtak,
owe,
parentnod,
pari,
passphrasecacheservic,
patrick,
pdf,
pend,
perimet,
pgp,
phantom,
phantomj,
phenx,
php,
picofil,
pipermail,
pixel,
pli,
plus,
pmc,
png,
pokerth,
politiqu,
polyfil,
postmessag,
preform,
pretti,
previouss,
primarili,
prismic,
privaci,
privlyextens,
prohibit,
proxi,
prusa,
publicclassprototyp,
pushstat,
pyqt,
python,
pythonpath,
qtox,
quadrupl,
qualiti,
quantiti,
queri,
qwasp,
ram,
rchzgug,
rcs,
readili,
readthedoc,
realli,
rearrang,
recept,
recolor,
reconfigur,
redmin,
redsolut,
registri,
regulatori,
remoteaddr,
removeattribut,
render,
replicaset,
repositori,
respq,
restrict,
rfc,
rfcs,
riverid,
rocketchat,
root,
rpc,
rsvp,
rust,
saa,
safari,
safwathalabi,
sage,
sagemath,
sagenb,
sagischwarz,
sailfish,
samueljohn,
sapp,
satisfi,
savvi,
scari,
schnitzer,
scon,
scorecard,
sdk,
seach,
seattl,
secondari,
secreci,
securedrop,
sendcod,
sendresponseandclearcallback,
senior,
septemb,
serversocket,
servicework,
serviceworkercli,
serviceworkerclientqueryparam,
serviceworkerglobalscop,
serviceworkerregistr,
setattribut,
seth,
sharedwork,
shekar,
shell,
shr,
sigaint,
signalapp,
signalus,
simplifi,
simul,
singapor,
singular,
sjackman,
slowli,
smc,
smile,
smssecur,
snap,
snapshot,
somebodi,
sopho,
sorri,
specialti,
spirit,
ssl,
stdclass,
stickershop,
streak,
struge,
sud,
sufficientlysecur,
summari,
summer,
superus,
susan,
svs,
swift,
swiftriv,
swipe,
sword,
syria,
taglin,
tail,
taipei,
taiwan,
tavern,
tcp,
tdesktop,
telepathi,
temporarili,
texttoken,
textvalu,
threema,
tighten,
timon,
tini,
tinloaf,
tinymc,
tls,
tmp,
todo,
toktok,
tonic,
tonicforhealth,
torproject,
tox,
toxid,
transferattribut,
transit,
travi,
trayicon,
tripl,
typographi,
ubibl,
ubuntu,
uganda,
uint,
ultim,
uml,
uncaught,
undoallse,
unfortun,
unfriend,
uniform,
universit,
unix,
unnecessari,
unpublish,
unresolv,
unsign,
untick,
updatecommentdata,
updatetextdata,
uri,
userid,
uspreventiveservicestaskforc,
uspstf,
usr,
usvstr,
utm,
variat,
varieti,
vbraun,
vendor,
venom,
vertigo,
viber,
videlec,
vimeo,
virtual,
virtualritz,
visibilityst,
volker,
wagner,
waitfor,
waltz,
webassembl,
webextens,
webogram,
websockettest,
wechat,
whack,
whatwg,
whonix,
whopay,
widget,
wielicki,
windowcli,
wise,
woefulli,
workercli,
workerglobalscop,
worri,
wysiwyg,
xabber,
xace,
xaead,
xhp,
xml,
xmpp,
xpila,
xul,
xxxxxx,
xxxxxxx,
yajo,
ycombin,
yeecho,
yetibot,
zbarski,
zip,
zom,
zombof,
zyn,
zynaddsubfx,
